日期,DAWHO,已投資資本（自首筆交易以來）,Delta（自首筆交易以來）
2022-04-25,"9,435.25","9,424.00",11.25
2022-04-26,"9,435.25","9,424.00",11.25
2022-04-27,"9,238.15","9,424.00",-185.85
2022-04-28,"9,278.30","9,424.00",-145.70
2022-04-29,"9,398.75","9,424.00",-25.25
2022-04-30,"9,398.75","9,424.00",-25.25
2022-05-01,"9,398.75","9,424.00",-25.25
2022-05-02,"9,398.75","9,424.00",-25.25
2022-05-03,"9,329.40","9,424.00",-94.60
2022-05-04,"9,329.40","9,424.00",-94.60
2022-05-05,"9,435.25","9,424.00",11.25
2022-05-06,"9,245.45","9,424.00",-178.55
2022-05-07,"9,245.45","9,424.00",-178.55
2022-05-08,"9,245.45","9,424.00",-178.55
2022-05-09,"18,557.95","18,907.00",-349.05
2022-05-10,"18,476.00","18,907.00",-431.00
2022-05-11,"18,505.80","18,907.00",-401.20
2022-05-12,"18,066.25","18,907.00",-840.75
2022-05-13,"18,230.15","18,907.00",-676.85
2022-05-14,"18,230.15","18,907.00",-676.85
2022-05-15,"18,230.15","18,907.00",-676.85
2022-05-16,"18,327.00","18,907.00",-580.00
2022-05-17,"18,528.15","18,907.00",-378.85
2022-05-18,"18,729.30","18,907.00",-177.70
2022-05-19,"18,371.70","18,907.00",-535.30
2022-05-20,"18,572.85","18,907.00",-334.15
2022-05-21,"18,572.85","18,907.00",-334.15
2022-05-22,"18,572.85","18,907.00",-334.15
2022-05-23,"18,610.10","18,907.00",-296.90
2022-05-24,"18,401.50","18,907.00",-505.50
2022-05-25,"18,543.05","18,907.00",-363.95
2022-05-26,"18,312.10","18,907.00",-594.90
2022-05-27,"18,699.50","18,907.00",-207.50
2022-05-28,"18,699.50","18,907.00",-207.50
2022-05-29,"18,699.50","18,907.00",-207.50
2022-05-30,"19,153.95","18,907.00",246.95
2022-05-31,"19,340.20","18,907.00",433.20
2022-06-01,"19,243.35","18,907.00",336.35
2022-06-02,"19,042.20","18,907.00",135.20
2022-06-03,"19,042.20","18,907.00",135.20
2022-06-04,"19,042.20","18,907.00",135.20
2022-06-05,"19,042.20","18,907.00",135.20
2022-06-06,"19,176.30","18,907.00",269.30
2022-06-07,"18,982.60","18,907.00",75.60
2022-06-08,"19,191.20","18,907.00",284.20
2022-06-09,"28,761.60","28,533.00",228.60
2022-06-10,"28,470.40","28,533.00",-62.60
2022-06-11,"28,470.40","28,533.00",-62.60
2022-06-12,"28,470.40","28,533.00",-62.60
2022-06-13,"27,675.20","28,533.00",-857.80
2022-06-14,"27,630.40","28,533.00",-902.60
2022-06-15,"27,496.00","28,533.00","-1,037.00"
2022-06-16,"27,440.00","28,533.00","-1,093.00"
2022-06-17,"27,070.40","28,533.00","-1,462.60"
2022-06-18,"27,070.40","28,533.00","-1,462.60"
2022-06-19,"27,070.40","28,533.00","-1,462.60"
2022-06-20,"26,824.00","28,533.00","-1,709.00"
2022-06-21,"27,372.80","28,533.00","-1,160.20"
2022-06-22,"26,768.00","28,533.00","-1,765.00"
2022-06-23,"26,409.60","28,533.00","-2,123.40"
2022-06-24,"26,465.60","28,533.00","-2,067.40"
2022-06-25,"26,465.60","28,533.00","-2,067.40"
2022-06-26,"26,465.60","28,533.00","-2,067.40"
2022-06-27,"27,092.80","28,533.00","-1,440.20"
2022-06-28,"26,835.20","28,533.00","-1,697.80"
2022-06-29,"26,611.20","28,533.00","-1,921.80"
2022-06-30,"25,939.20","28,533.00","-2,593.80"
2022-07-01,"24,987.20","28,533.00","-3,545.80"
2022-07-02,"24,987.20","28,533.00","-3,545.80"
2022-07-03,"24,987.20","28,533.00","-3,545.80"
2022-07-04,"24,740.80","28,533.00","-3,792.20"
2022-07-05,"24,864.00","28,533.00","-3,669.00"
2022-07-06,"24,382.40","28,533.00","-4,150.60"
2022-07-07,"25,110.40","28,533.00","-3,422.60"
2022-07-08,"25,368.00","28,533.00","-3,165.00"
2022-07-09,"25,368.00","28,533.00","-3,165.00"
2022-07-10,"25,368.00","28,533.00","-3,165.00"
2022-07-11,"34,685.25","38,111.00","-3,425.75"
2022-07-12,"33,850.95","38,111.00","-4,260.05"
2022-07-13,"35,056.05","38,111.00","-3,054.95"
2022-07-14,"35,226.00","38,111.00","-2,885.00"
2022-07-15,"35,689.50","38,111.00","-2,421.50"
2022-07-16,"35,689.50","38,111.00","-2,421.50"
2022-07-17,"35,689.50","38,111.00","-2,421.50"
2022-07-18,"35,287.80","37,565.00","-2,277.20"
2022-07-19,"35,318.70","37,565.00","-2,246.30"
2022-07-20,"35,550.45","37,565.00","-2,014.55"
2022-07-21,"35,952.15","37,565.00","-1,612.85"
2022-07-22,"36,091.20","37,565.00","-1,473.80"
2022-07-23,"36,091.20","37,565.00","-1,473.80"
2022-07-24,"36,091.20","37,565.00","-1,473.80"
2022-07-25,"36,060.30","37,565.00","-1,504.70"
2022-07-26,"35,735.85","37,565.00","-1,829.15"
2022-07-27,"36,060.30","37,565.00","-1,504.70"
2022-07-28,"36,122.10","37,565.00","-1,442.90"
2022-07-29,"36,462.00","37,565.00","-1,103.00"
2022-07-30,"36,462.00","37,565.00","-1,103.00"
2022-07-31,"36,462.00","37,565.00","-1,103.00"
2022-08-01,"36,353.85","37,565.00","-1,211.15"
2022-08-02,"35,704.95","37,565.00","-1,860.05"
2022-08-03,"35,921.25","37,565.00","-1,643.75"
2022-08-04,"36,013.95","37,565.00","-1,551.05"
2022-08-05,"36,925.50","37,565.00",-639.50
2022-08-06,"36,925.50","37,565.00",-639.50
2022-08-07,"36,925.50","37,565.00",-639.50
2022-08-08,"36,848.25","37,565.00",-716.75
2022-08-09,"46,468.50","47,176.00",-707.50
2022-08-10,"45,981.00","47,176.00","-1,195.00"
2022-08-11,"46,819.50","47,176.00",-356.50
2022-08-12,"47,112.00","47,176.00",-64.00
2022-08-13,"47,112.00","47,176.00",-64.00
2022-08-14,"47,112.00","47,176.00",-64.00
2022-08-15,"47,541.00","47,176.00",365.00
2022-08-16,"47,619.00","47,176.00",443.00
2022-08-17,"47,638.50","47,176.00",462.50
2022-08-18,"47,326.50","47,176.00",150.50
2022-08-19,"47,404.50","47,176.00",228.50
2022-08-20,"47,404.50","47,176.00",228.50
2022-08-21,"47,404.50","47,176.00",228.50
2022-08-22,"46,819.50","47,176.00",-356.50
2022-08-23,"46,098.00","47,176.00","-1,078.00"
2022-08-24,"45,981.00","47,176.00","-1,195.00"
2022-08-25,"46,410.00","47,176.00",-766.00
2022-08-26,"46,644.00","47,176.00",-532.00
2022-08-27,"46,644.00","47,176.00",-532.00
2022-08-28,"46,644.00","47,176.00",-532.00
2022-08-29,"45,454.50","47,176.00","-1,721.50"
2022-08-30,"45,532.50","47,176.00","-1,643.50"
2022-08-31,"45,864.00","47,176.00","-1,312.00"
2022-09-01,"44,908.50","47,176.00","-2,267.50"
2022-09-02,"44,421.00","47,176.00","-2,755.00"
2022-09-03,"44,421.00","47,176.00","-2,755.00"
2022-09-04,"44,421.00","47,176.00","-2,755.00"
2022-09-05,"44,518.50","47,176.00","-2,657.50"
2022-09-06,"44,811.00","47,176.00","-2,365.00"
2022-09-07,"43,758.00","47,176.00","-3,418.00"
2022-09-08,"44,070.00","47,176.00","-3,106.00"
2022-09-09,"44,070.00","47,176.00","-3,106.00"
2022-09-10,"44,070.00","47,176.00","-3,106.00"
2022-09-11,"44,070.00","47,176.00","-3,106.00"
2022-09-12,"54,930.40","57,104.00","-2,173.60"
2022-09-13,"55,216.00","57,104.00","-1,888.00"
2022-09-14,"54,097.40","57,104.00","-3,006.60"
2022-09-15,"54,192.60","57,104.00","-2,911.40"
2022-09-16,"53,573.80","57,104.00","-3,530.20"
2022-09-17,"53,573.80","57,104.00","-3,530.20"
2022-09-18,"53,573.80","57,104.00","-3,530.20"
2022-09-19,"53,335.80","57,104.00","-3,768.20"
2022-09-20,"53,811.80","57,104.00","-3,292.20"
2022-09-21,"53,359.60","57,104.00","-3,744.40"
2022-09-22,"52,717.00","57,104.00","-4,387.00"
2022-09-23,"52,217.20","57,104.00","-4,886.80"
2022-09-24,"52,217.20","57,104.00","-4,886.80"
2022-09-25,"52,217.20","57,104.00","-4,886.80"
2022-09-26,"51,241.40","57,104.00","-5,862.60"
2022-09-27,"51,170.00","57,104.00","-5,934.00"
2022-09-28,"50,099.00","57,104.00","-7,005.00"
2022-09-29,"49,932.40","57,104.00","-7,171.60"
2022-09-30,"49,242.20","57,104.00","-7,861.80"
2022-10-01,"49,242.20","57,104.00","-7,861.80"
2022-10-02,"49,242.20","57,104.00","-7,861.80"
2022-10-03,"48,647.20","57,104.00","-8,456.80"
2022-10-04,"49,884.80","57,104.00","-7,219.20"
2022-10-05,"51,051.00","57,104.00","-6,053.00"
2022-10-06,"51,408.00","57,104.00","-5,696.00"
2022-10-07,"50,551.20","57,104.00","-6,552.80"
2022-10-08,"50,551.20","57,104.00","-6,552.80"
2022-10-09,"50,551.20","57,104.00","-6,552.80"
2022-10-10,"50,551.20","57,104.00","-6,552.80"
2022-10-11,"57,096.90","66,321.00","-9,224.10"
2022-10-12,"56,813.40","66,321.00","-9,507.60"
2022-10-13,"56,133.00","66,321.00","-10,188.00"
2022-10-14,"57,748.95","66,321.00","-8,572.05"
2022-10-15,"57,748.95","66,321.00","-8,572.05"
2022-10-16,"57,748.95","66,321.00","-8,572.05"
2022-10-17,"56,671.65","66,321.00","-9,649.35"
2022-10-18,"57,323.70","66,321.00","-8,997.30"
2022-10-19,"56,558.25","66,321.00","-9,762.75"
2022-10-20,"56,246.40","66,321.00","-10,074.60"
2022-10-21,"56,076.30","66,321.00","-10,244.70"
2022-10-22,"56,076.30","66,321.00","-10,244.70"
2022-10-23,"56,076.30","66,321.00","-10,244.70"
2022-10-24,"55,906.20","66,321.00","-10,414.80"
2022-10-25,"54,828.90","66,321.00","-11,492.10"
2022-10-26,"55,339.20","66,321.00","-10,981.80"
2022-10-27,"56,133.00","66,321.00","-10,188.00"
2022-10-28,"55,424.25","66,321.00","-10,896.75"
2022-10-29,"55,424.25","66,321.00","-10,896.75"
2022-10-30,"55,424.25","66,321.00","-10,896.75"
2022-10-31,"56,161.35","66,321.00","-10,159.65"
2022-11-01,"56,473.20","66,321.00","-9,847.80"
2022-11-02,"56,700.00","66,321.00","-9,621.00"
2022-11-03,"55,962.90","66,321.00","-10,358.10"
2022-11-04,"56,047.95","66,321.00","-10,273.05"
2022-11-05,"56,047.95","66,321.00","-10,273.05"
2022-11-06,"56,047.95","66,321.00","-10,273.05"
2022-11-07,"57,011.85","66,321.00","-9,309.15"
2022-11-08,"57,607.20","66,321.00","-8,713.80"
2022-11-09,"69,701.50","76,695.00","-6,993.50"
2022-11-10,"69,034.50","76,695.00","-7,660.50"
2022-11-11,"72,703.00","76,695.00","-3,992.00"
2022-11-12,"72,703.00","76,695.00","-3,992.00"
2022-11-13,"72,703.00","76,695.00","-3,992.00"
2022-11-14,"73,370.00","76,695.00","-3,325.00"
2022-11-15,"76,504.90","76,695.00",-190.10
2022-11-16,"76,371.50","76,695.00",-323.50
2022-11-17,"76,404.85","76,695.00",-290.15
2022-11-18,"76,204.75","76,695.00",-490.25
2022-11-19,"76,204.75","76,695.00",-490.25
2022-11-20,"76,204.75","76,695.00",-490.25
2022-11-21,"75,937.95","76,695.00",-757.05
2022-11-22,"76,571.60","76,695.00",-123.40
2022-11-23,"77,105.20","76,695.00",410.20
2022-11-24,"77,838.90","76,695.00","1,143.90"
2022-11-25,"77,838.90","76,695.00","1,143.90"
2022-11-26,"77,838.90","76,695.00","1,143.90"
2022-11-27,"77,838.90","76,695.00","1,143.90"
2022-11-28,"76,271.45","76,695.00",-423.55
2022-11-29,"76,971.80","76,695.00",276.80
2022-11-30,"77,605.45","76,695.00",910.45
2022-12-01,"78,939.45","76,695.00","2,244.45"
2022-12-02,"78,239.10","76,695.00","1,544.10"
2022-12-03,"78,239.10","76,695.00","1,544.10"
2022-12-04,"78,239.10","76,695.00","1,544.10"
2022-12-05,"78,339.15","76,695.00","1,644.15"
2022-12-06,"76,905.10","76,695.00",210.10
2022-12-07,"76,438.20","76,695.00",-256.80
2022-12-08,"75,537.75","76,695.00","-1,157.25"
2022-12-09,"88,205.00","88,175.00",30.00
2022-12-10,"88,205.00","88,175.00",30.00
2022-12-11,"88,205.00","88,175.00",30.00
2022-12-12,"87,361.30","88,175.00",-813.70
2022-12-13,"86,977.80","88,175.00","-1,197.20"
2022-12-14,"88,051.60","88,175.00",-123.40
2022-12-15,"88,128.30","88,175.00",-46.70
2022-12-16,"86,671.00","88,175.00","-1,504.00"
2022-12-17,"86,671.00","88,175.00","-1,504.00"
2022-12-18,"86,671.00","88,175.00","-1,504.00"
2022-12-19,"86,172.45","88,175.00","-2,002.55"
2022-12-20,"84,600.10","88,175.00","-3,574.90"
2022-12-21,"84,945.25","88,175.00","-3,229.75"
2022-12-22,"86,364.20","88,175.00","-1,810.80"
2022-12-23,"84,906.90","88,175.00","-3,268.10"
2022-12-24,"84,906.90","88,175.00","-3,268.10"
2022-12-25,"84,906.90","88,175.00","-3,268.10"
2022-12-26,"85,213.70","88,175.00","-2,961.30"
2022-12-27,"85,597.20","88,175.00","-2,577.80"
2022-12-28,"84,370.00","88,175.00","-3,805.00"
2022-12-29,"83,986.50","88,175.00","-4,188.50"
2022-12-30,"84,523.40","88,175.00","-3,651.60"
2022-12-31,"84,523.40","88,175.00","-3,651.60"
2023-01-01,"84,523.40","88,175.00","-3,651.60"
2023-01-02,"84,523.40","88,175.00","-3,651.60"
2023-01-03,"84,945.25","88,175.00","-3,229.75"
2023-01-04,"84,753.50","88,175.00","-3,421.50"
2023-01-05,"85,367.10","88,175.00","-2,807.90"
2023-01-06,"85,750.60","88,175.00","-2,424.40"
2023-01-07,"85,750.60","88,175.00","-2,424.40"
2023-01-08,"85,750.60","88,175.00","-2,424.40"
2023-01-09,"100,398.60","99,644.00",754.60
2023-01-10,"100,788.75","99,644.00","1,144.75"
2023-01-11,"100,875.45","99,644.00","1,231.45"
2023-01-12,"100,441.95","99,644.00",797.95
2023-01-13,"101,612.40","99,644.00","1,968.40"
2023-01-14,"101,612.40","99,644.00","1,968.40"
2023-01-15,"101,612.40","99,644.00","1,968.40"
2023-01-16,"102,392.70","99,644.00","2,748.70"
2023-01-17,"102,392.70","99,644.00","2,748.70"
2023-01-18,"102,392.70","99,644.00","2,748.70"
2023-01-19,"102,392.70","99,644.00","2,748.70"
2023-01-20,"102,392.70","99,644.00","2,748.70"
2023-01-21,"102,392.70","99,644.00","2,748.70"
2023-01-22,"102,392.70","99,644.00","2,748.70"
2023-01-23,"102,392.70","99,644.00","2,748.70"
2023-01-24,"102,392.70","99,644.00","2,748.70"
2023-01-25,"102,392.70","99,644.00","2,748.70"
2023-01-26,"102,392.70","99,644.00","2,748.70"
2023-01-27,"102,392.70","99,644.00","2,748.70"
2023-01-28,"102,392.70","99,644.00","2,748.70"
2023-01-29,"102,392.70","99,644.00","2,748.70"
2023-01-30,"104,646.90","99,644.00","5,002.90"
2023-01-31,"102,566.10","99,644.00","2,922.10"
2023-02-01,"103,173.00","99,644.00","3,529.00"
2023-02-02,"104,907.00","99,644.00","5,263.00"
2023-02-03,"104,907.00","99,644.00","5,263.00"
2023-02-04,"104,907.00","99,644.00","5,263.00"
2023-02-05,"104,907.00","99,644.00","5,263.00"
2023-02-06,"103,389.75","99,644.00","3,745.75"
2023-02-07,"103,173.00","99,644.00","3,529.00"
2023-02-08,"104,776.95","99,644.00","5,132.95"
2023-02-09,"116,910.30","111,714.00","5,196.30"
2023-02-10,"117,007.00","111,714.00","5,293.00"
2023-02-11,"117,007.00","111,714.00","5,293.00"
2023-02-12,"117,007.00","111,714.00","5,293.00"
2023-02-13,"116,765.25","111,714.00","5,051.25"
2023-02-14,"117,635.55","111,714.00","5,921.55"
2023-02-15,"114,927.95","111,714.00","3,213.95"
2023-02-16,"116,330.10","111,714.00","4,616.10"
2023-02-17,"114,831.25","111,714.00","3,117.25"
2023-02-18,"114,831.25","111,714.00","3,117.25"
2023-02-19,"114,831.25","111,714.00","3,117.25"
2023-02-20,"115,073.00","111,714.00","3,359.00"
2023-02-21,"115,024.65","111,714.00","3,310.65"
2023-02-22,"113,767.55","111,714.00","2,053.55"
2023-02-23,"115,459.80","111,714.00","3,745.80"
2023-02-24,"114,879.60","111,714.00","3,165.60"
2023-02-25,"114,879.60","111,714.00","3,165.60"
2023-02-26,"114,879.60","111,714.00","3,165.60"
2023-02-27,"114,879.60","111,714.00","3,165.60"
2023-02-28,"114,879.60","111,714.00","3,165.60"
2023-03-01,"115,411.45","111,714.00","3,697.45"
2023-03-02,"115,314.75","111,714.00","3,600.75"
2023-03-03,"115,411.45","111,714.00","3,697.45"
2023-03-04,"115,411.45","111,714.00","3,697.45"
2023-03-05,"115,411.45","111,714.00","3,697.45"
2023-03-06,"116,523.50","111,714.00","4,809.50"
2023-03-07,"117,297.10","109,469.00","7,828.10"
2023-03-08,"116,330.10","109,469.00","6,861.10"
2023-03-09,"128,253.40","121,527.00","6,726.40"
2023-03-10,"126,226.10","121,527.00","4,699.10"
2023-03-11,"126,226.10","121,527.00","4,699.10"
2023-03-12,"126,226.10","121,527.00","4,699.10"
2023-03-13,"126,759.60","121,527.00","5,232.60"
2023-03-14,"125,372.50","121,527.00","3,845.50"
2023-03-15,"125,479.20","121,527.00","3,952.20"
2023-03-16,"124,892.35","121,527.00","3,365.35"
2023-03-17,"126,919.65","121,527.00","5,392.65"
2023-03-18,"126,919.65","121,527.00","5,392.65"
2023-03-19,"126,919.65","121,527.00","5,392.65"
2023-03-20,"126,012.70","121,527.00","4,485.70"
2023-03-21,"126,599.55","121,527.00","5,072.55"
2023-03-22,"129,000.30","121,527.00","7,473.30"
2023-03-23,"130,013.95","121,527.00","8,486.95"
2023-03-24,"130,387.40","121,527.00","8,860.40"
2023-03-25,"130,387.40","121,527.00","8,860.40"
2023-03-26,"130,387.40","121,527.00","8,860.40"
2023-03-27,"129,587.15","121,527.00","8,060.15"
2023-03-28,"128,466.80","121,527.00","6,939.80"
2023-03-29,"128,680.20","121,527.00","7,153.20"
2023-03-30,"129,320.40","121,527.00","7,793.40"
2023-03-31,"129,747.20","121,527.00","8,220.20"
2023-04-01,"129,747.20","121,527.00","8,220.20"
2023-04-02,"129,747.20","121,527.00","8,220.20"
2023-04-03,"129,747.20","121,527.00","8,220.20"
2023-04-04,"129,747.20","121,527.00","8,220.20"
2023-04-05,"129,747.20","121,527.00","8,220.20"
2023-04-06,"129,107.00","121,527.00","7,580.00"
2023-04-07,"129,107.00","121,527.00","7,580.00"
2023-04-08,"129,107.00","121,527.00","7,580.00"
2023-04-09,"129,107.00","121,527.00","7,580.00"
2023-04-10,"152,107.00","144,537.00","7,570.00"
2023-04-11,"151,956.95","144,537.00","7,419.95"
2023-04-12,"151,681.85","144,537.00","7,144.85"
2023-04-13,"150,606.50","144,537.00","6,069.50"
2023-04-14,"152,048.55","144,537.00","7,511.55"
2023-04-15,"152,048.55","144,537.00","7,511.55"
2023-04-16,"152,048.55","144,537.00","7,511.55"
2023-04-17,"151,698.45","144,537.00","7,161.45"
2023-04-18,"151,181.65","144,537.00","6,644.65"
2023-04-19,"150,156.35","144,537.00","5,619.35"
2023-04-20,"149,931.30","144,537.00","5,394.30"
2023-04-21,"149,556.20","144,537.00","5,019.20"
2023-04-22,"149,556.20","144,537.00","5,019.20"
2023-04-23,"149,556.20","144,537.00","5,019.20"
2023-04-24,"149,106.05","144,537.00","4,569.05"
2023-04-25,"147,247.20","144,537.00","2,710.20"
2023-04-26,"146,713.70","144,537.00","2,176.70"
2023-04-27,"146,572.00","144,537.00","2,035.00"
2023-04-28,"148,305.80","144,537.00","3,768.80"
2023-04-29,"148,305.80","144,537.00","3,768.80"
2023-04-30,"148,305.80","144,537.00","3,768.80"
2023-05-01,"148,305.80","144,537.00","3,768.80"
2023-05-02,"148,805.90","144,537.00","4,268.90"
2023-05-03,"148,247.40","144,537.00","3,710.40"
2023-05-04,"148,672.50","144,537.00","4,135.50"
2023-05-05,"148,997.60","144,537.00","4,460.60"
2023-05-06,"148,997.60","144,537.00","4,460.60"
2023-05-07,"148,997.60","144,537.00","4,460.60"
2023-05-08,"150,022.85","144,537.00","5,485.85"
2023-05-09,"171,687.20","165,799.00","5,888.20"
2023-05-10,"170,314.40","165,799.00","4,515.40"
2023-05-11,"170,002.40","165,799.00","4,203.40"
2023-05-12,"169,365.60","165,799.00","3,566.60"
2023-05-13,"169,365.60","165,799.00","3,566.60"
2023-05-14,"169,365.60","165,799.00","3,566.60"
2023-05-15,"169,615.60","165,799.00","3,816.60"
2023-05-16,"171,562.80","165,799.00","5,763.80"
2023-05-17,"174,246.40","165,799.00","8,447.40"
2023-05-18,"176,543.20","165,799.00","10,744.20"
2023-05-19,"177,280.00","165,799.00","11,481.00"
2023-05-20,"177,280.00","165,799.00","11,481.00"
2023-05-21,"177,280.00","165,799.00","11,481.00"
2023-05-22,"177,180.40","165,799.00","11,381.40"
2023-05-23,"177,105.60","165,799.00","11,306.60"
2023-05-24,"176,256.80","165,799.00","10,457.80"
2023-05-25,"177,666.40","165,799.00","11,867.40"
2023-05-26,"181,285.60","165,799.00","15,486.60"
2023-05-27,"181,285.60","165,799.00","15,486.60"
2023-05-28,"181,285.60","165,799.00","15,486.60"
2023-05-29,"182,584.00","165,799.00","16,785.00"
2023-05-30,"182,684.00","165,799.00","16,885.00"
2023-05-31,"181,735.20","165,799.00","15,936.20"
2023-06-01,"180,487.20","165,799.00","14,688.20"
2023-06-02,"182,484.00","165,799.00","16,685.00"
2023-06-03,"182,484.00","165,799.00","16,685.00"
2023-06-04,"182,484.00","165,799.00","16,685.00"
2023-06-05,"182,134.80","165,799.00","16,335.80"
2023-06-06,"182,571.60","165,799.00","16,772.60"
2023-06-07,"184,468.80","165,799.00","18,669.80"
2023-06-08,"182,958.80","165,799.00","17,159.80"
2023-06-09,"204,436.80","185,473.00","18,963.80"
2023-06-10,"204,436.80","185,473.00","18,963.80"
2023-06-11,"204,436.80","185,473.00","18,963.80"
2023-06-12,"205,466.40","185,473.00","19,993.40"
2023-06-13,"208,842.60","185,473.00","23,369.60"
2023-06-14,"208,706.50","185,473.00","23,233.50"
2023-06-15,"209,166.20","185,473.00","23,693.20"
2023-06-16,"208,493.10","185,473.00","23,020.10"
2023-06-17,"208,493.10","185,473.00","23,020.10"
2023-06-18,"208,493.10","185,473.00","23,020.10"
2023-06-19,"208,794.90","185,473.00","23,321.90"
2023-06-20,"207,868.10","185,473.00","22,395.10"
2023-06-21,"207,938.00","185,473.00","22,465.00"
2023-06-22,"207,938.00","185,473.00","22,465.00"
2023-06-23,"207,938.00","185,473.00","22,465.00"
2023-06-24,"207,938.00","185,473.00","22,465.00"
2023-06-25,"207,938.00","185,473.00","22,465.00"
2023-06-26,"206,669.10","185,473.00","21,196.10"
2023-06-27,"205,264.10","185,473.00","19,791.10"
2023-06-28,"205,878.40","185,473.00","20,405.40"
2023-06-29,"205,672.40","185,473.00","20,199.40"
2023-06-30,"205,668.70","185,473.00","20,195.70"
2023-07-01,"205,668.70","185,473.00","20,195.70"
2023-07-02,"205,668.70","185,473.00","20,195.70"
2023-07-03,"208,136.60","185,473.00","22,663.60"
2023-07-04,"208,184.30","185,473.00","22,711.30"
2023-07-05,"208,059.30","185,473.00","22,586.30"
2023-07-06,"203,590.60","185,473.00","18,117.60"
2023-07-07,"203,465.60","185,473.00","17,992.60"
2023-07-08,"203,465.60","185,473.00","17,992.60"
2023-07-09,"203,465.60","185,473.00","17,992.60"
2023-07-10,"222,451.55","205,041.00","17,410.55"
2023-07-11,"225,710.70","205,041.00","20,669.70"
2023-07-12,"226,420.85","205,041.00","21,379.85"
2023-07-13,"227,998.90","205,041.00","22,957.90"
2023-07-14,"230,788.55","205,041.00","25,747.55"
2023-07-15,"230,788.55","205,041.00","25,747.55"
2023-07-16,"230,788.55","205,041.00","25,747.55"
2023-07-17,"231,790.30","205,041.00","26,749.30"
2023-07-18,"228,962.65","205,041.00","23,921.65"
2023-07-19,"227,063.35","205,041.00","22,022.35"
2023-07-20,"228,173.05","205,041.00","23,132.05"
2023-07-21,"225,615.70","205,041.00","20,574.70"
2023-07-22,"225,615.70","205,041.00","20,574.70"
2023-07-23,"225,615.70","205,041.00","20,574.70"
2023-07-24,"225,054.95","205,041.00","20,013.95"
2023-07-25,"227,743.85","205,041.00","22,702.85"
2023-07-26,"227,524.50","205,041.00","22,483.50"
2023-07-27,"229,103.70","205,041.00","24,062.70"
2023-07-28,"228,653.20","205,041.00","23,612.20"
2023-07-29,"228,653.20","205,041.00","23,612.20"
2023-07-30,"228,653.20","205,041.00","23,612.20"
2023-07-31,"227,493.70","205,041.00","22,452.70"
2023-08-01,"228,403.05","205,041.00","23,362.05"
2023-08-02,"225,984.45","205,041.00","20,943.45"
2023-08-03,"225,984.45","205,041.00","20,943.45"
2023-08-04,"222,351.95","205,041.00","17,310.95"
2023-08-05,"222,351.95","205,041.00","17,310.95"
2023-08-06,"222,351.95","205,041.00","17,310.95"
2023-08-07,"224,100.70","205,041.00","19,059.70"
2023-08-08,"222,002.20","205,041.00","16,961.20"
2023-08-09,"242,304.00","224,706.00","17,598.00"
2023-08-10,"241,344.50","224,706.00","16,638.50"
2023-08-11,"241,197.00","222,058.00","19,139.00"
2023-08-12,"241,197.00","222,058.00","19,139.00"
2023-08-13,"241,197.00","222,058.00","19,139.00"
2023-08-14,"237,219.00","222,058.00","15,161.00"
2023-08-15,"236,632.00","222,058.00","14,574.00"
2023-08-16,"234,570.75","222,058.00","12,512.75"
2023-08-17,"235,051.25","222,058.00","12,993.25"
2023-08-18,"234,165.50","222,058.00","12,107.50"
2023-08-19,"234,165.50","222,058.00","12,107.50"
2023-08-20,"234,165.50","222,058.00","12,107.50"
2023-08-21,"234,014.25","222,058.00","11,956.25"
2023-08-22,"234,827.75","222,058.00","12,769.75"
2023-08-23,"236,412.25","222,058.00","14,354.25"
2023-08-24,"239,914.25","222,058.00","17,856.25"
2023-08-25,"235,528.75","222,058.00","13,470.75"
2023-08-26,"235,528.75","222,058.00","13,470.75"
2023-08-27,"235,528.75","222,058.00","13,470.75"
2023-08-28,"237,370.25","222,058.00","15,312.25"
2023-08-29,"238,843.75","222,058.00","16,785.75"
2023-08-30,"239,434.50","222,058.00","17,376.50"
2023-08-31,"237,996.75","220,266.00","17,730.75"
2023-09-01,"238,181.50","220,266.00","17,915.50"
2023-09-02,"238,181.50","220,266.00","17,915.50"
2023-09-03,"238,181.50","220,266.00","17,915.50"
2023-09-04,"239,766.00","220,266.00","19,500.00"
2023-09-05,"239,433.75","220,266.00","19,167.75"
2023-09-06,"237,998.25","220,266.00","17,732.25"
2023-09-07,"236,191.75","220,266.00","15,925.75"
2023-09-08,"236,372.75","220,266.00","16,106.75"
2023-09-09,"236,372.75","220,266.00","16,106.75"
2023-09-10,"236,372.75","220,266.00","16,106.75"
2023-09-11,"255,747.90","239,919.00","15,828.90"
2023-09-12,"257,950.95","239,919.00","18,031.95"
2023-09-13,"259,100.20","239,919.00","19,181.20"
2023-09-14,"262,603.35","239,919.00","22,684.35"
2023-09-15,"262,831.85","239,919.00","22,912.85"
2023-09-16,"262,831.85","239,919.00","22,912.85"
2023-09-17,"262,831.85","239,919.00","22,912.85"
2023-09-18,"260,997.10","239,919.00","21,078.10"
2023-09-19,"260,142.95","239,919.00","20,223.95"
2023-09-20,"258,794.05","239,919.00","18,875.05"
2023-09-21,"254,379.05","239,919.00","14,460.05"
2023-09-22,"253,961.95","239,919.00","14,042.95"
2023-09-23,"253,961.95","239,919.00","14,042.95"
2023-09-24,"253,961.95","239,919.00","14,042.95"
2023-09-25,"256,275.95","239,919.00","16,356.95"
2023-09-26,"253,893.20","239,919.00","13,974.20"
2023-09-27,"253,578.15","239,919.00","13,659.15"
2023-09-28,"254,616.45","239,919.00","14,697.45"
2023-09-29,"254,616.45","239,919.00","14,697.45"
2023-09-30,"254,616.45","239,919.00","14,697.45"
2023-10-01,"254,616.45","239,919.00","14,697.45"
2023-10-02,"257,101.25","239,919.00","17,182.25"
2023-10-03,"255,151.10","239,919.00","15,232.10"
2023-10-04,"251,357.30","239,919.00","11,438.30"
2023-10-05,"255,122.25","239,919.00","15,203.25"
2023-10-06,"256,213.80","239,919.00","16,294.80"
2023-10-07,"256,213.80","239,919.00","16,294.80"
2023-10-08,"256,213.80","239,919.00","16,294.80"
2023-10-09,"256,213.80","239,919.00","16,294.80"
2023-10-10,"256,213.80","239,919.00","16,294.80"
2023-10-11,"281,035.30","259,630.00","21,405.30"
2023-10-12,"283,653.40","259,630.00","24,023.40"
2023-10-13,"282,931.80","259,630.00","23,301.80"
2023-10-14,"282,931.80","259,630.00","23,301.80"
2023-10-15,"282,931.80","259,630.00","23,301.80"
2023-10-16,"282,395.20","259,630.00","22,765.20"
2023-10-17,"282,279.80","259,630.00","22,649.80"
2023-10-18,"279,427.30","259,630.00","19,797.30"
2023-10-19,"278,602.20","259,630.00","18,972.20"
2023-10-20,"278,894.30","259,630.00","19,264.30"
2023-10-21,"278,894.30","259,630.00","19,264.30"
2023-10-22,"278,894.30","259,630.00","19,264.30"
2023-10-23,"275,461.20","259,630.00","15,831.20"
2023-10-24,"275,926.40","259,630.00","16,296.40"
2023-10-25,"276,938.30","259,630.00","17,308.30"
2023-10-26,"272,038.20","259,630.00","12,408.20"
2023-10-27,"273,690.20","259,630.00","14,060.20"
2023-10-28,"273,690.20","259,630.00","14,060.20"
2023-10-29,"273,690.20","259,630.00","14,060.20"
2023-10-30,"272,445.70","259,630.00","12,815.70"
2023-10-31,"271,060.20","259,630.00","11,430.20"
2023-11-01,"272,038.20","259,630.00","12,408.20"
2023-11-02,"277,578.40","259,630.00","17,948.40"
2023-11-03,"281,091.20","259,630.00","21,461.20"
2023-11-04,"281,091.20","259,630.00","21,461.20"
2023-11-05,"281,091.20","259,630.00","21,461.20"
2023-11-06,"282,733.10","259,630.00","23,103.10"
2023-11-07,"282,198.30","259,630.00","22,568.30"
2023-11-08,"283,188.20","259,630.00","23,558.20"
2023-11-09,"303,684.10","279,269.00","24,415.10"
2023-11-10,"303,343.50","279,269.00","24,074.50"
2023-11-11,"303,343.50","279,269.00","24,074.50"
2023-11-12,"303,343.50","279,269.00","24,074.50"
2023-11-13,"307,011.80","279,269.00","27,742.80"
2023-11-14,"309,402.40","279,269.00","30,133.40"
2023-11-15,"314,267.10","279,269.00","34,998.10"
2023-11-16,"314,523.20","279,269.00","35,254.20"
2023-11-17,"315,205.60","279,269.00","35,936.60"
2023-11-18,"315,205.60","279,269.00","35,936.60"
2023-11-19,"315,205.60","279,269.00","35,936.60"
2023-11-20,"315,120.30","279,269.00","35,851.30"
2023-11-21,"318,533.10","279,269.00","39,264.10"
2023-11-22,"316,998.30","279,269.00","37,729.30"
2023-11-23,"315,717.40","279,269.00","36,448.40"
2023-11-24,"315,205.20","279,269.00","35,936.20"
2023-11-25,"315,205.20","279,269.00","35,936.20"
2023-11-26,"315,205.20","279,269.00","35,936.20"
2023-11-27,"313,584.30","279,269.00","34,315.30"
2023-11-28,"316,656.90","279,269.00","37,387.90"
2023-11-29,"315,461.50","279,269.00","36,192.50"
2023-11-30,"317,510.70","279,269.00","38,241.70"
2023-12-01,"316,912.00","279,269.00","37,643.00"
2023-12-02,"316,912.00","279,269.00","37,643.00"
2023-12-03,"316,912.00","279,269.00","37,643.00"
2023-12-04,"315,888.20","279,269.00","36,619.20"
2023-12-05,"313,755.10","279,269.00","34,486.10"
2023-12-06,"315,718.40","279,269.00","36,449.40"
2023-12-07,"313,499.60","279,269.00","34,230.60"
2023-12-08,"317,511.30","279,269.00","38,242.30"
2023-12-09,"317,511.30","279,269.00","38,242.30"
2023-12-10,"317,511.30","279,269.00","38,242.30"
2023-12-11,"337,091.10","298,934.00","38,157.10"
2023-12-12,"338,286.10","298,934.00","39,352.10"
2023-12-13,"339,559.60","298,934.00","40,625.60"
2023-12-14,"344,382.00","298,934.00","45,448.00"
2023-12-15,"344,325.10","298,934.00","45,391.10"
2023-12-16,"344,325.10","298,934.00","45,391.10"
2023-12-17,"344,325.10","298,934.00","45,391.10"
2023-12-18,"344,945.00","298,934.00","46,011.00"
2023-12-19,"343,921.80","298,934.00","44,987.80"
2023-12-20,"342,996.50","298,934.00","44,062.50"
2023-12-21,"341,087.00","298,934.00","42,153.00"
2023-12-22,"341,357.30","298,934.00","42,423.30"
2023-12-23,"341,357.30","298,934.00","42,423.30"
2023-12-24,"341,357.30","298,934.00","42,423.30"
2023-12-25,"342,722.30","298,934.00","43,788.30"
2023-12-26,"344,647.40","298,934.00","45,713.40"
2023-12-27,"347,714.50","298,934.00","48,780.50"
2023-12-28,"348,817.00","298,934.00","49,883.00"
2023-12-29,"212,651.10","163,109.00","49,542.10"
2023-12-30,"212,651.10","163,109.00","49,542.10"
2023-12-31,"212,651.10","163,109.00","49,542.10"
2024-01-01,"212,651.10","163,109.00","49,542.10"
2024-01-02,"212,166.60","163,109.00","49,057.60"
2024-01-03,"209,699.10","163,109.00","46,590.10"
2024-01-04,"209,433.80","163,109.00","46,324.80"
2024-01-05,"209,023.30","163,109.00","45,914.30"
2024-01-06,"209,023.30","163,109.00","45,914.30"
2024-01-07,"209,023.30","163,109.00","45,914.30"
2024-01-08,"230,139.25","182,744.00","47,395.25"
2024-01-09,"229,173.35","182,744.00","46,429.35"
2024-01-10,"228,383.40","182,744.00","45,639.40"
2024-01-11,"229,833.25","182,744.00","47,089.25"
2024-01-12,"228,593.75","182,744.00","45,849.75"
2024-01-13,"228,593.75","182,744.00","45,849.75"
2024-01-14,"228,593.75","182,744.00","45,849.75"
2024-01-15,"228,913.30","182,744.00","46,169.30"
2024-01-16,"227,178.65","182,744.00","44,434.65"
2024-01-17,"221,920.95","182,744.00","39,176.95"
2024-01-18,"223,670.80","182,744.00","40,926.80"
2024-01-19,"227,985.90","182,744.00","45,241.90"
2024-01-20,"227,985.90","182,744.00","45,241.90"
2024-01-21,"227,985.90","182,744.00","45,241.90"
2024-01-22,"229,800.45","182,744.00","47,056.45"
2024-01-23,"229,826.45","182,744.00","47,082.45"
2024-01-24,"229,442.20","182,744.00","46,698.20"
2024-01-25,"231,428.20","182,744.00","48,684.20"
2024-01-26,"232,689.95","182,744.00","49,945.95"
2024-01-27,"232,689.95","182,744.00","49,945.95"
2024-01-28,"232,689.95","182,744.00","49,945.95"
2024-01-29,"233,370.90","182,744.00","50,626.90"
2024-01-30,"232,510.25","182,744.00","49,766.25"
2024-01-31,"231,255.90","182,744.00","48,511.90"
2024-02-01,"232,071.40","182,744.00","49,327.40"
2024-02-02,"231,361.20","182,744.00","48,617.20"
2024-02-03,"231,361.20","182,744.00","48,617.20"
2024-02-04,"231,361.20","182,744.00","48,617.20"
2024-02-05,"231,485.65","182,744.00","48,741.65"
2024-02-06,"231,485.65","182,744.00","48,741.65"
2024-02-07,"231,485.65","182,744.00","48,741.65"
2024-02-08,"231,485.65","182,744.00","48,741.65"
2024-02-09,"231,485.65","182,744.00","48,741.65"
2024-02-10,"231,485.65","182,744.00","48,741.65"
2024-02-11,"231,485.65","182,744.00","48,741.65"
2024-02-12,"231,485.65","182,744.00","48,741.65"
2024-02-13,"231,485.65","182,744.00","48,741.65"
2024-02-14,"231,485.65","182,744.00","48,741.65"
2024-02-15,"257,784.80","202,674.00","55,110.80"
2024-02-16,"256,636.75","202,674.00","53,962.75"
2024-02-17,"256,636.75","202,674.00","53,962.75"
2024-02-18,"256,636.75","202,674.00","53,962.75"
2024-02-19,"258,289.50","202,674.00","55,615.50"
2024-02-20,"259,888.65","202,674.00","57,214.65"
2024-02-21,"259,069.05","200,135.00","58,934.05"
2024-02-22,"261,841.50","200,135.00","61,706.50"
2024-02-23,"261,051.80","200,135.00","60,916.80"
2024-02-24,"261,051.80","200,135.00","60,916.80"
2024-02-25,"261,051.80","200,135.00","60,916.80"
2024-02-26,"261,819.55","200,135.00","61,684.55"
2024-02-27,"260,924.15","200,135.00","60,789.15"
2024-02-28,"260,924.15","200,135.00","60,789.15"
2024-02-29,"262,744.65","200,135.00","62,609.65"
2024-03-01,"260,820.75","200,135.00","60,685.75"
2024-03-02,"260,820.75","200,135.00","60,685.75"
2024-03-03,"260,820.75","200,135.00","60,685.75"
2024-03-04,"265,163.60","200,135.00","65,028.60"
2024-03-05,"266,100.40","200,135.00","65,965.40"
2024-03-06,"287,307.10","219,550.00","67,757.10"
2024-03-07,"292,006.30","219,550.00","72,456.30"
2024-03-08,"295,895.60","219,550.00","76,345.60"
2024-03-09,"295,895.60","219,550.00","76,345.60"
2024-03-10,"295,895.60","219,550.00","76,345.60"
2024-03-11,"295,370.30","219,550.00","75,820.30"
2024-03-12,"297,862.20","219,550.00","78,312.20"
2024-03-13,"303,651.40","219,550.00","84,101.40"
2024-03-14,"305,344.60","219,550.00","85,794.60"
2024-03-15,"301,839.90","219,550.00","82,289.90"
2024-03-16,"301,839.90","219,550.00","82,289.90"
2024-03-17,"301,839.90","219,550.00","82,289.90"
2024-03-18,"302,280.50","219,550.00","82,730.50"
2024-03-19,"302,965.90","219,550.00","83,415.90"
2024-03-20,"300,196.60","219,550.00","80,646.60"
2024-03-21,"307,667.70","219,550.00","88,117.70"
2024-03-22,"307,299.30","219,550.00","87,749.30"
2024-03-23,"307,299.30","219,550.00","87,749.30"
2024-03-24,"307,299.30","219,550.00","87,749.30"
2024-03-25,"306,513.80","219,550.00","86,963.80"
2024-03-26,"307,175.70","219,550.00","87,625.70"
2024-03-27,"309,825.00","219,550.00","90,275.00"
2024-03-28,"308,445.10","219,550.00","88,895.10"
2024-03-29,"310,239.00","219,550.00","90,689.00"
2024-03-30,"310,239.00","219,550.00","90,689.00"
2024-03-31,"310,239.00","219,550.00","90,689.00"
2024-04-01,"306,997.30","219,550.00","87,447.30"
2024-04-02,"309,732.70","219,550.00","90,182.70"
2024-04-03,"306,652.90","219,550.00","87,102.90"
2024-04-04,"306,652.90","219,550.00","87,102.90"
2024-04-05,"306,652.90","219,550.00","87,102.90"
2024-04-06,"306,652.90","219,550.00","87,102.90"
2024-04-07,"306,652.90","219,550.00","87,102.90"
2024-04-08,"329,592.40","239,284.00","90,308.40"
2024-04-09,"335,122.50","239,284.00","95,838.50"
2024-04-10,"333,070.35","239,284.00","93,786.35"
2024-04-11,"333,925.80","239,284.00","94,641.80"
2024-04-12,"332,112.55","239,284.00","92,828.55"
2024-04-13,"332,112.55","239,284.00","92,828.55"
2024-04-14,"332,112.55","239,284.00","92,828.55"
2024-04-15,"330,483.55","239,284.00","91,199.55"
2024-04-16,"321,302.10","239,284.00","82,018.10"
2024-04-17,"325,071.30","239,284.00","85,787.30"
2024-04-18,"327,981.60","239,284.00","88,697.60"
2024-04-19,"316,052.95","239,284.00","76,768.95"
2024-04-20,"316,052.95","239,284.00","76,768.95"
2024-04-21,"316,052.95","239,284.00","76,768.95"
2024-04-22,"317,814.85","239,284.00","78,530.85"
2024-04-23,"320,401.65","239,284.00","81,117.65"
2024-04-24,"325,274.60","239,284.00","85,990.60"
2024-04-25,"319,982.65","239,284.00","80,698.65"
2024-04-26,"323,500.10","239,284.00","84,216.10"
2024-04-27,"323,500.10","239,284.00","84,216.10"
2024-04-28,"323,500.10","239,284.00","84,216.10"
2024-04-29,"339,103.60","239,284.00","99,819.60"
2024-04-30,"337,686.35","239,284.00","98,402.35"
2024-05-01,"337,686.35","239,284.00","98,402.35"
2024-05-02,"335,264.85","239,284.00","95,980.85"
2024-05-03,"338,215.15","239,284.00","98,931.15"
2024-05-04,"338,215.15","239,284.00","98,931.15"
2024-05-05,"338,215.15","239,284.00","98,931.15"
2024-05-06,"365,748.00","259,145.00","106,603.00"
2024-05-07,"366,406.30","259,145.00","107,261.30"
2024-05-08,"368,439.30","259,145.00","109,294.30"
2024-05-09,"368,222.70","259,145.00","109,077.70"
2024-05-10,"379,006.35","259,145.00","119,861.35"
2024-05-11,"379,006.35","259,145.00","119,861.35"
2024-05-12,"379,006.35","259,145.00","119,861.35"
2024-05-13,"377,079.10","259,145.00","117,934.10"
2024-05-14,"375,733.60","259,145.00","116,588.60"
2024-05-15,"384,099.35","259,145.00","124,954.35"
2024-05-16,"386,780.15","259,145.00","127,635.15"
2024-05-17,"388,607.55","259,145.00","129,462.55"
2024-05-18,"388,607.55","259,145.00","129,462.55"
2024-05-19,"388,607.55","259,145.00","129,462.55"
2024-05-20,"389,574.00","259,145.00","130,429.00"
2024-05-21,"385,846.20","259,145.00","126,701.20"
2024-05-22,"390,464.40","259,145.00","131,319.40"
2024-05-23,"390,704.70","259,145.00","131,559.70"
2024-05-24,"386,810.60","259,145.00","127,665.60"
2024-05-25,"386,810.60","259,145.00","127,665.60"
2024-05-26,"386,810.60","259,145.00","127,665.60"
2024-05-27,"392,031.05","259,145.00","132,886.05"
2024-05-28,"391,121.60","259,145.00","131,976.60"
2024-05-29,"384,573.95","259,145.00","125,428.95"
2024-05-30,"378,734.50","259,145.00","119,589.50"
2024-05-31,"377,738.00","259,145.00","118,593.00"
2024-06-01,"377,738.00","259,145.00","118,593.00"
2024-06-02,"377,738.00","259,145.00","118,593.00"
2024-06-03,"385,742.05","259,145.00","126,597.05"
2024-06-04,"382,185.15","259,145.00","123,040.15"
2024-06-05,"383,920.75","259,145.00","124,775.75"
2024-06-06,"413,410.20","279,046.00","134,364.20"
2024-06-07,"414,052.40","279,046.00","135,006.40"
2024-06-08,"414,052.40","279,046.00","135,006.40"
2024-06-09,"414,052.40","279,046.00","135,006.40"
2024-06-10,"414,052.40","279,046.00","135,006.40"
2024-06-11,"414,967.40","279,046.00","135,921.40"
2024-06-12,"417,931.00","279,046.00","138,885.00"
2024-06-13,"420,689.40","279,046.00","141,643.40"
2024-06-14,"422,745.20","279,046.00","143,699.20"
2024-06-15,"422,745.20","279,046.00","143,699.20"
2024-06-16,"422,745.20","279,046.00","143,699.20"
2024-06-17,"421,551.00","279,046.00","142,505.00"
2024-06-18,"429,322.20","279,046.00","150,276.20"
2024-06-19,"435,250.00","279,046.00","156,204.00"
2024-06-20,"439,302.20","279,046.00","160,256.20"
2024-06-21,"437,446.60","279,046.00","158,400.60"
2024-06-22,"437,446.60","279,046.00","158,400.60"
2024-06-23,"437,446.60","279,046.00","158,400.60"
2024-06-24,"433,732.60","279,046.00","154,686.60"
2024-06-25,"433,054.20","279,046.00","154,008.20"
2024-06-26,"432,090.20","279,046.00","153,044.20"
2024-06-27,"431,617.80","279,046.00","152,571.80"
2024-06-28,"433,327.20","279,046.00","154,281.20"
2024-06-29,"433,327.20","279,046.00","154,281.20"
2024-06-30,"433,327.20","279,046.00","154,281.20"
2024-07-01,"433,382.20","279,046.00","154,336.20"
2024-07-02,"433,093.20","279,046.00","154,047.20"
2024-07-03,"442,937.00","279,046.00","163,891.00"
2024-07-04,"449,369.40","279,046.00","170,323.40"
2024-07-05,"450,453.80","279,046.00","171,407.80"
2024-07-06,"450,453.80","279,046.00","171,407.80"
2024-07-07,"450,453.80","279,046.00","171,407.80"
2024-07-08,"479,075.80","298,885.00","180,190.80"
2024-07-09,"477,995.20","298,885.00","179,110.20"
2024-07-10,"484,356.70","298,885.00","185,471.70"
2024-07-11,"490,750.00","298,885.00","191,865.00"
2024-07-12,"483,108.60","298,885.00","184,223.60"
2024-07-13,"483,108.60","298,885.00","184,223.60"
2024-07-14,"483,108.60","298,885.00","184,223.60"
2024-07-15,"473,688.00","298,885.00","174,803.00"
2024-07-16,"473,495.10","298,885.00","174,610.10"
2024-07-17,"468,787.70","298,885.00","169,902.70"
2024-07-18,"462,739.40","298,885.00","163,854.40"
2024-07-19,"451,257.50","298,885.00","152,372.50"
2024-07-20,"451,257.50","298,885.00","152,372.50"
2024-07-21,"451,257.50","298,885.00","152,372.50"
2024-07-22,"438,740.60","298,885.00","139,855.60"
2024-07-23,"449,191.50","298,885.00","150,306.50"
2024-07-24,"449,191.50","298,885.00","150,306.50"
2024-07-25,"449,191.50","298,885.00","150,306.50"
2024-07-26,"439,446.10","298,885.00","140,561.10"
2024-07-27,"439,446.10","298,885.00","140,561.10"
2024-07-28,"439,446.10","298,885.00","140,561.10"
2024-07-29,"444,708.90","295,971.00","148,737.90"
2024-07-30,"437,893.30","295,971.00","141,922.30"
2024-07-31,"440,382.50","295,971.00","144,411.50"
2024-08-01,"448,670.80","295,971.00","152,699.80"
2024-08-02,"432,005.30","295,971.00","136,034.30"
2024-08-03,"432,005.30","295,971.00","136,034.30"
2024-08-04,"432,005.30","295,971.00","136,034.30"
2024-08-05,"393,762.30","295,971.00","97,791.30"
2024-08-06,"427,599.70","315,934.00","111,665.70"
2024-08-07,"444,021.90","315,934.00","128,087.90"
2024-08-08,"437,466.30","315,934.00","121,532.30"
2024-08-09,"452,353.00","308,587.00","143,766.00"
2024-08-10,"452,353.00","308,587.00","143,766.00"
2024-08-11,"452,353.00","308,587.00","143,766.00"
2024-08-12,"455,382.90","308,587.00","146,795.90"
2024-08-13,"456,498.90","308,587.00","147,911.90"
2024-08-14,"461,310.20","308,587.00","152,723.20"
2024-08-15,"458,126.10","308,587.00","149,539.10"
2024-08-16,"467,192.60","308,587.00","158,605.60"
2024-08-17,"467,192.60","308,587.00","158,605.60"
2024-08-18,"467,192.60","308,587.00","158,605.60"
2024-08-19,"466,591.60","308,587.00","158,004.60"
2024-08-20,"465,637.60","308,587.00","157,050.60"
2024-08-21,"459,065.30","308,587.00","150,478.30"
2024-08-22,"456,095.70","308,587.00","147,508.70"
2024-08-23,"455,208.20","308,587.00","146,621.20"
2024-08-24,"455,208.20","308,587.00","146,621.20"
2024-08-25,"455,208.20","308,587.00","146,621.20"
2024-08-26,"460,089.60","308,587.00","151,502.60"
2024-08-27,"456,600.00","308,587.00","148,013.00"
2024-08-28,"461,434.10","308,587.00","152,847.10"
2024-08-29,"455,809.90","308,587.00","147,222.90"
2024-08-30,"457,788.20","308,587.00","149,201.20"
2024-08-31,"457,788.20","308,587.00","149,201.20"
2024-09-01,"457,788.20","308,587.00","149,201.20"
2024-09-02,"460,850.00","308,587.00","152,263.00"
2024-09-03,"457,512.20","308,587.00","148,925.20"
2024-09-04,"439,405.10","308,587.00","130,818.10"
2024-09-05,"443,043.40","308,587.00","134,456.40"
2024-09-06,"470,201.15","328,493.00","141,708.15"
2024-09-07,"470,201.15","328,493.00","141,708.15"
2024-09-08,"470,201.15","328,493.00","141,708.15"
2024-09-09,"463,952.45","328,493.00","135,459.45"
2024-09-10,"464,549.05","328,493.00","136,056.05"
2024-09-11,"462,319.05","328,493.00","133,826.05"
2024-09-12,"471,201.80","328,493.00","142,708.80"
2024-09-13,"473,290.00","328,493.00","144,797.00"
2024-09-14,"473,290.00","328,493.00","144,797.00"
2024-09-15,"473,290.00","328,493.00","144,797.00"
2024-09-16,"474,073.55","328,493.00","145,580.55"
2024-09-17,"474,073.55","328,493.00","145,580.55"
2024-09-18,"476,142.55","328,493.00","147,649.55"
2024-09-19,"482,009.05","328,493.00","153,516.05"
2024-09-20,"486,591.45","328,493.00","158,098.45"
2024-09-21,"486,591.45","328,493.00","158,098.45"
2024-09-22,"486,591.45","328,493.00","158,098.45"
2024-09-23,"493,643.75","328,493.00","165,150.75"
2024-09-24,"496,549.30","328,493.00","168,056.30"
2024-09-25,"501,618.55","328,493.00","173,125.55"
2024-09-26,"506,211.80","328,493.00","177,718.80"
2024-09-27,"502,742.60","328,493.00","174,249.60"
2024-09-28,"502,742.60","328,493.00","174,249.60"
2024-09-29,"502,742.60","328,493.00","174,249.60"
2024-09-30,"493,490.15","328,493.00","164,997.15"
2024-10-01,"494,439.90","328,493.00","165,946.90"
2024-10-02,"494,439.90","328,493.00","165,946.90"
2024-10-03,"494,439.90","328,493.00","165,946.90"
2024-10-04,"491,530.00","328,493.00","163,037.00"
2024-10-05,"491,530.00","328,493.00","163,037.00"
2024-10-06,"491,530.00","328,493.00","163,037.00"
2024-10-07,"524,660.10","349,329.00","175,331.10"
2024-10-08,"523,800.40","349,329.00","174,471.40"
2024-10-09,"525,376.90","349,329.00","176,047.90"
2024-10-10,"525,376.90","349,329.00","176,047.90"
2024-10-11,"530,959.40","349,329.00","181,630.40"
2024-10-12,"530,959.40","349,329.00","181,630.40"
2024-10-13,"530,959.40","349,329.00","181,630.40"
2024-10-14,"532,095.40","349,329.00","182,766.40"
2024-10-15,"541,915.80","349,329.00","192,586.80"
2024-10-16,"535,665.60","349,329.00","186,336.60"
2024-10-17,"538,460.40","349,329.00","189,131.40"
2024-10-18,"548,913.60","349,329.00","199,584.60"
2024-10-19,"548,913.60","349,329.00","199,584.60"
2024-10-20,"548,913.60","349,329.00","199,584.60"
2024-10-21,"543,010.10","349,329.00","193,681.10"
2024-10-22,"545,759.20","349,329.00","196,430.20"
2024-10-23,"542,195.40","349,329.00","192,866.40"
2024-10-24,"539,501.50","349,329.00","190,172.50"
2024-10-25,"542,166.70","349,329.00","192,837.70"
2024-10-26,"542,166.70","349,329.00","192,837.70"
2024-10-27,"542,166.70","349,329.00","192,837.70"
2024-10-28,"541,628.60","349,329.00","192,299.60"
2024-10-29,"533,515.20","349,329.00","184,186.20"
2024-10-30,"534,923.20","349,329.00","185,594.20"
2024-10-31,"534,923.20","349,329.00","185,594.20"
2024-11-01,"531,806.70","349,329.00","182,477.70"
2024-11-02,"531,806.70","349,329.00","182,477.70"
2024-11-03,"531,806.70","349,329.00","182,477.70"
2024-11-04,"539,788.00","349,329.00","190,459.00"
2024-11-05,"541,862.70","349,329.00","192,533.70"
2024-11-06,"563,801.36","370,101.00","193,700.36"
2024-11-07,"568,740.00","370,101.00","198,639.00"
2024-11-08,"570,259.40","370,101.00","200,158.40"
2024-11-09,"570,259.40","370,101.00","200,158.40"
2024-11-10,"570,259.40","370,101.00","200,158.40"
2024-11-11,"569,669.20","370,101.00","199,568.20"
2024-11-12,"559,127.75","370,101.00","189,026.75"
2024-11-13,"554,292.50","370,101.00","184,191.50"
2024-11-14,"550,787.70","370,101.00","180,686.70"
2024-11-15,"554,726.60","370,101.00","184,625.60"
2024-11-16,"554,726.60","370,101.00","184,625.60"
2024-11-17,"554,726.60","370,101.00","184,625.60"
2024-11-18,"551,009.35","370,101.00","180,908.35"
2024-11-19,"556,414.40","370,101.00","186,313.40"
2024-11-20,"558,738.80","370,101.00","188,637.80"
2024-11-21,"554,040.65","370,101.00","183,939.65"
2024-11-22,"558,691.30","370,101.00","188,590.30"
2024-11-23,"558,691.30","370,101.00","188,590.30"
2024-11-24,"558,691.30","370,101.00","188,590.30"
2024-11-25,"557,532.25","370,101.00","187,431.25"
2024-11-26,"556,378.05","370,101.00","186,277.05"
2024-11-27,"549,499.65","370,101.00","179,398.65"
2024-11-28,"548,742.05","370,101.00","178,641.05"
2024-11-29,"546,856.70","370,101.00","176,755.70"
2024-11-30,"546,856.70","370,101.00","176,755.70"
2024-12-01,"546,856.70","370,101.00","176,755.70"
2024-12-02,"561,500.15","370,101.00","191,399.15"
2024-12-03,"568,772.07","370,101.00","198,671.07"
2024-12-04,"570,464.70","370,101.00","200,363.70"
2024-12-05,"573,304.73","370,101.00","203,203.73"
2024-12-06,"592,107.10","390,897.00","201,210.10"
2024-12-07,"592,107.10","390,897.00","201,210.10"
2024-12-08,"592,107.10","390,897.00","201,210.10"
2024-12-09,"593,447.80","390,897.00","202,550.80"
2024-12-10,"590,222.30","390,897.00","199,325.30"
2024-12-11,"587,299.40","390,897.00","196,402.40"
2024-12-12,"594,969.90","390,897.00","204,072.90"
2024-12-13,"594,885.70","390,897.00","203,988.70"
2024-12-14,"594,885.70","390,897.00","203,988.70"
2024-12-15,"594,885.70","390,897.00","203,988.70"
2024-12-16,"598,441.60","390,897.00","207,544.60"
2024-12-17,"594,851.78","390,897.00","203,954.78"
2024-12-18,"596,616.00","390,897.00","205,719.00"
2024-12-19,"588,124.70","390,897.00","197,227.70"
2024-12-20,"581,419.20","390,897.00","190,522.20"
2024-12-21,"581,419.20","390,897.00","190,522.20"
2024-12-22,"581,419.20","390,897.00","190,522.20"
2024-12-23,"594,892.80","390,897.00","203,995.80"
2024-12-24,"595,593.20","390,897.00","204,696.20"
2024-12-25,"595,700.80","390,897.00","204,803.80"
2024-12-26,"596,167.70","390,897.00","205,270.70"
2024-12-27,"598,427.00","390,897.00","207,530.00"
2024-12-28,"598,427.00","390,897.00","207,530.00"
2024-12-29,"598,427.00","390,897.00","207,530.00"
2024-12-30,"596,458.90","390,897.00","205,561.90"
2024-12-31,"590,202.10","390,897.00","199,305.10"
2025-01-01,"590,202.10","390,897.00","199,305.10"
2025-01-02,"585,649.30","390,897.00","194,752.30"
2025-01-03,"589,033.00","390,897.00","198,136.00"
2025-01-04,"589,033.00","390,897.00","198,136.00"
2025-01-05,"589,033.00","390,897.00","198,136.00"
2025-01-06,"622,509.60","411,652.00","210,857.60"
2025-01-07,"625,867.20","411,652.00","214,215.20"
2025-01-08,"620,264.00","411,652.00","208,612.00"
2025-01-09,"614,973.80","411,652.00","203,321.80"
2025-01-10,"605,862.40","411,652.00","194,210.40"
2025-01-11,"605,862.40","411,652.00","194,210.40"
2025-01-12,"605,862.40","411,652.00","194,210.40"
2025-01-13,"595,849.40","411,144.00","184,705.40"
2025-01-14,"602,890.20","411,144.00","191,746.20"
2025-01-15,"598,366.80","411,144.00","187,222.80"
2025-01-16,"607,460.40","411,144.00","196,316.40"
2025-01-17,"604,731.60","411,144.00","193,587.60"
2025-01-18,"604,731.60","411,144.00","193,587.60"
2025-01-19,"604,731.60","411,144.00","193,587.60"
2025-01-20,"605,541.60","411,144.00","194,397.60"
2025-01-21,"609,124.60","411,144.00","197,980.60"
2025-01-22,"615,533.20","411,144.00","204,389.20"
2025-01-23,"615,533.20","411,144.00","204,389.20"
2025-01-24,"615,533.20","411,144.00","204,389.20"
2025-01-25,"615,533.20","411,144.00","204,389.20"
2025-01-26,"615,533.20","411,144.00","204,389.20"
2025-01-27,"615,533.20","411,144.00","204,389.20"
2025-01-28,"615,533.20","411,144.00","204,389.20"
2025-01-29,"615,533.20","411,144.00","204,389.20"
2025-01-30,"615,533.20","411,144.00","204,389.20"
2025-01-31,"615,533.20","411,144.00","204,389.20"
2025-02-01,"615,533.20","411,144.00","204,389.20"
2025-02-02,"615,533.20","411,144.00","204,389.20"
2025-02-03,"600,550.20","411,144.00","189,406.20"
2025-02-04,"599,847.40","411,144.00","188,703.40"
2025-02-05,"609,406.20","411,144.00","198,262.20"
2025-02-06,"640,205.30","438,990.00","201,215.30"
2025-02-07,"642,022.70","438,990.00","203,032.70"
2025-02-08,"642,022.70","438,990.00","203,032.70"
2025-02-09,"642,022.70","438,990.00","203,032.70"
2025-02-10,"641,130.20","438,990.00","202,140.20"
2025-02-11,"645,251.80","438,990.00","206,261.80"
2025-02-12,"646,111.20","438,990.00","207,121.20"
2025-02-13,"646,365.30","438,990.00","207,375.30"
2025-02-14,"640,340.00","438,990.00","201,350.00"
2025-02-15,"640,340.00","438,990.00","201,350.00"
2025-02-16,"640,340.00","438,990.00","201,350.00"
2025-02-17,"648,252.30","438,990.00","209,262.30"
2025-02-18,"648,827.10","438,990.00","209,837.10"
2025-02-19,"645,740.74","438,990.00","206,750.74"
2025-02-20,"645,641.70","435,015.00","210,626.70"
2025-02-21,"648,676.10","435,015.00","213,661.10"
2025-02-22,"648,676.10","435,015.00","213,661.10"
2025-02-23,"648,676.10","435,015.00","213,661.10"
2025-02-24,"645,884.20","435,015.00","210,869.20"
2025-02-25,"642,812.70","435,015.00","207,797.70"
2025-02-26,"647,058.60","435,015.00","212,043.60"
2025-02-27,"640,585.20","435,015.00","205,570.20"
2025-02-28,"640,585.20","435,015.00","205,570.20"
2025-03-01,"640,585.20","435,015.00","205,570.20"
2025-03-02,"640,585.20","435,015.00","205,570.20"
2025-03-03,"635,820.54","435,015.00","200,805.54"
2025-03-04,"629,310.62","435,015.00","194,295.62"
2025-03-05,"634,035.50","435,015.00","199,020.50"
2025-03-06,"660,412.47","462,883.00","197,529.47"
2025-03-07,"653,692.05","462,883.00","190,809.05"
2025-03-08,"653,692.05","462,883.00","190,809.05"
2025-03-09,"653,692.05","462,883.00","190,809.05"
2025-03-10,"651,697.95","462,883.00","188,814.95"
2025-03-11,"640,111.55","462,883.00","177,228.55"
2025-03-12,"646,599.80","462,883.00","183,716.80"
2025-03-13,"641,199.90","462,883.00","178,316.90"
2025-03-14,"639,788.30","462,883.00","176,905.30"
2025-03-15,"639,788.30","462,883.00","176,905.30"
2025-03-16,"639,788.30","462,883.00","176,905.30"
2025-03-17,"643,344.95","462,883.00","180,461.95"
2025-03-18,"646,772.60","462,883.00","183,889.60"
2025-03-19,"639,840.25","462,883.00","176,957.25"
2025-03-20,"646,793.95","462,883.00","183,910.95"
2025-03-21,"641,177.45","462,883.00","178,294.45"
2025-03-22,"641,177.45","462,883.00","178,294.45"
2025-03-23,"641,177.45","462,883.00","178,294.45"
2025-03-24,"641,924.65","462,883.00","179,041.65"
2025-03-25,"644,496.75","462,883.00","181,613.75"
2025-03-26,"644,535.69","462,883.00","181,652.69"
2025-03-27,"705,369.60","527,775.00","177,594.60"
2025-03-28,"715,463.20","545,800.00","169,663.20"
2025-03-29,"715,463.20","545,800.00","169,663.20"
2025-03-30,"715,463.20","545,800.00","169,663.20"
2025-03-31,"690,442.65","545,800.00","144,642.65"
2025-04-01,"699,671.70","545,800.00","153,871.70"
2025-04-02,"701,356.00","545,800.00","155,556.00"
2025-04-03,"701,356.00","545,800.00","155,556.00"
2025-04-04,"701,356.00","545,800.00","155,556.00"
2025-04-05,"701,356.00","545,800.00","155,556.00"
2025-04-06,"701,356.00","545,800.00","155,556.00"
2025-04-07,"659,530.81","573,719.00","85,811.81"
2025-04-08,"647,050.70","573,719.00","73,331.70"
2025-04-09,"605,475.68","573,719.00","31,756.68"
2025-04-10,"665,743.75","573,719.00","92,024.75"
2025-04-11,"668,998.40","573,719.00","95,279.40"
2025-04-12,"668,998.40","573,719.00","95,279.40"
2025-04-13,"668,998.40","573,719.00","95,279.40"
2025-04-14,"668,317.97","573,719.00","94,598.97"
2025-04-15,"680,138.35","572,520.00","107,618.35"
2025-04-16,"670,213.50","572,520.00","97,693.50"
2025-04-17,"661,249.74","572,520.00","88,729.74"
2025-04-18,"659,234.90","572,520.00","86,714.90"
2025-04-19,"659,234.90","572,520.00","86,714.90"
2025-04-20,"659,234.90","572,520.00","86,714.90"
2025-04-21,"655,586.58","572,520.00","83,066.58"
2025-04-22,"642,412.88","572,520.00","69,892.88"
2025-04-23,"661,075.59","572,520.00","88,555.59"
2025-04-24,"659,100.28","572,520.00","86,580.28"
2025-04-25,"670,526.70","572,520.00","98,006.70"
2025-04-26,"670,526.70","572,520.00","98,006.70"
2025-04-27,"670,526.70","572,520.00","98,006.70"
2025-04-28,"678,306.98","572,520.00","105,786.98"
2025-04-29,"687,736.65","572,520.00","115,216.65"
2025-04-30,"700,702.90","572,520.00","128,182.90"
2025-05-01,"700,702.90","572,520.00","128,182.90"
2025-05-02,"713,175.95","572,520.00","140,655.95"
2025-05-03,"713,175.95","572,520.00","140,655.95"
2025-05-04,"713,175.95","572,520.00","140,655.95"
2025-05-05,"691,687.05","572,520.00","119,167.05"
2025-05-06,"725,292.75","600,389.00","124,903.75"
2025-05-07,"723,978.70","600,389.00","123,589.70"
2025-05-08,"724,582.20","600,389.00","124,193.20"
2025-05-09,"729,762.25","600,389.00","129,373.25"
2025-05-10,"729,762.25","600,389.00","129,373.25"
2025-05-11,"729,762.25","600,389.00","129,373.25"
2025-05-12,"737,090.65","600,389.00","136,701.65"
2025-05-13,"748,212.35","600,389.00","147,823.35"
2025-05-14,"760,558.90","600,389.00","160,169.90"
2025-05-15,"765,463.85","600,389.00","165,074.85"
2025-05-16,"783,287.60","600,389.00","182,898.60"
2025-05-17,"783,287.60","600,389.00","182,898.60"
2025-05-18,"783,287.60","600,389.00","182,898.60"
2025-05-19,"767,165.80","600,389.00","166,776.80"
2025-05-20,"772,641.35","600,389.00","172,252.35"
2025-05-21,"789,868.60","600,389.00","189,479.60"
2025-05-22,"794,092.20","600,389.00","193,703.20"
2025-05-23,"792,987.70","600,389.00","192,598.70"
2025-05-24,"792,987.70","600,389.00","192,598.70"
2025-05-25,"792,987.70","600,389.00","192,598.70"
2025-05-26,"777,341.50","600,389.00","176,952.50"
2025-05-27,"769,026.90","600,389.00","168,637.90"
2025-05-28,"820,951.70","654,925.00","166,026.70"
2025-05-29,"815,061.00","654,925.00","160,136.00"
2025-05-30,"815,061.00","654,925.00","160,136.00"
2025-05-31,"815,061.00","654,925.00","160,136.00"
2025-06-01,"815,061.00","654,925.00","160,136.00"
2025-06-02,"813,370.70","654,925.00","158,445.70"
2025-06-03,"833,609.90","654,925.00","178,684.90"
2025-06-04,"841,601.15","654,925.00","186,676.15"
2025-06-05,"843,734.10","654,925.00","188,809.10"
2025-06-06,"874,473.70","682,680.00","191,793.70"
2025-06-07,"874,473.70","682,680.00","191,793.70"
2025-06-08,"874,473.70","682,680.00","191,793.70"
2025-06-09,"884,323.00","682,680.00","201,643.00"
2025-06-10,"888,186.35","682,680.00","205,506.35"
2025-06-11,"895,828.65","682,680.00","213,148.65"
2025-06-12,"897,558.30","682,680.00","214,878.30"
2025-06-13,"900,086.55","682,680.00","217,406.55"
2025-06-14,"900,086.55","682,680.00","217,406.55"
2025-06-15,"900,086.55","682,680.00","217,406.55"
2025-06-16,"893,007.55","682,680.00","210,327.55"
2025-06-17,"885,881.55","682,680.00","203,201.55"
2025-06-18,"897,562.42","682,680.00","214,882.42"
2025-06-19,"888,951.35","682,680.00","206,271.35"
2025-06-20,"883,445.83","682,680.00","200,765.83"
2025-06-21,"883,445.83","682,680.00","200,765.83"
2025-06-22,"883,445.83","682,680.00","200,765.83"
2025-06-23,"881,457.09","682,680.00","198,777.09"
2025-06-24,"892,673.71","682,680.00","209,993.71"
2025-06-25,"898,670.68","682,680.00","215,990.68"
2025-06-26,"901,179.84","682,680.00","218,499.84"
2025-06-27,"906,504.09","682,680.00","223,824.09"
2025-06-28,"906,504.09","682,680.00","223,824.09"
2025-06-29,"906,504.09","682,680.00","223,824.09"
2025-06-30,"882,673.91","682,680.00","199,993.91"
2025-07-01,"889,304.34","682,680.00","206,624.34"
2025-07-02,"885,428.30","682,680.00","202,748.30"
2025-07-03,"892,643.12","682,680.00","209,963.12"
2025-07-04,"884,217.11","682,680.00","201,537.11"
2025-07-05,"884,217.11","682,680.00","201,537.11"
2025-07-06,"884,217.11","682,680.00","201,537.11"
2025-07-07,"913,135.82","710,620.00","202,515.82"
2025-07-08,"908,094.90","710,620.00","197,474.90"
2025-07-09,"907,566.60","710,620.00","196,946.60"
2025-07-10,"919,996.16","710,620.00","209,376.16"
2025-07-11,"920,664.57","710,620.00","210,044.57"
2025-07-12,"920,664.57","710,620.00","210,044.57"
2025-07-13,"920,664.57","710,620.00","210,044.57"
2025-07-14,"914,678.83","709,021.00","205,657.83"
2025-07-15,"922,386.15","709,021.00","213,365.15"
2025-07-16,"927,627.25","709,021.00","218,606.25"
2025-07-17,"927,741.05","709,021.00","218,720.05"
2025-07-18,"931,022.10","709,021.00","222,001.10"
2025-07-19,"931,022.10","709,021.00","222,001.10"
2025-07-20,"931,022.10","709,021.00","222,001.10"
2025-07-21,"924,703.00","709,021.00","215,682.00"
2025-07-22,"919,408.70","709,021.00","210,387.70"
2025-07-23,"927,116.00","709,021.00","218,095.00"
2025-07-24,"927,741.90","709,021.00","218,720.90"
2025-07-25,"925,772.60","709,021.00","216,751.60"
2025-07-26,"925,772.60","709,021.00","216,751.60"
2025-07-27,"925,772.60","709,021.00","216,751.60"
2025-07-28,"922,148.75","694,999.00","227,149.75"
2025-07-29,"914,040.30","694,999.00","219,041.30"
2025-07-30,"920,431.50","694,159.00","226,272.50"
2025-07-31,"919,631.00","694,159.00","225,472.00"
2025-08-01,"916,321.55","694,159.00","222,162.55"
2025-08-02,"916,321.55","694,159.00","222,162.55"
2025-08-03,"916,321.55","694,159.00","222,162.55"
2025-08-04,"926,100.25","694,159.00","231,941.25"
2025-08-05,"932,037.15","694,159.00","237,878.15"
2025-08-06,"954,210.80","718,054.00","236,156.80"
2025-08-07,"965,435.15","718,054.00","247,381.15"
2025-08-08,"967,128.95","707,316.00","259,812.95"
2025-08-09,"967,128.95","707,316.00","259,812.95"
2025-08-10,"967,128.95","707,316.00","259,812.95"
2025-08-11,"972,819.35","707,316.00","265,503.35"
2025-08-12,"971,264.30","707,316.00","263,948.30"
2025-08-13,"976,114.65","707,316.00","268,798.65"
2025-08-14,"979,671.05","707,316.00","272,355.05"
2025-08-15,"978,722.95","707,316.00","271,406.95"
2025-08-16,"978,722.95","707,316.00","271,406.95"
2025-08-17,"978,722.95","707,316.00","271,406.95"
2025-08-18,"978,696.00","707,316.00","271,380.00"
2025-08-19,"977,315.80","707,316.00","269,999.80"
2025-08-20,"960,472.90","707,316.00","253,156.90"
2025-08-21,"971,249.70","707,316.00","263,933.70"
2025-08-22,"964,517.15","707,316.00","257,201.15"
2025-08-23,"964,517.15","707,316.00","257,201.15"
2025-08-24,"964,517.15","707,316.00","257,201.15"
2025-08-25,"975,490.50","707,316.00","268,174.50"
2025-08-26,"967,309.65","707,316.00","259,993.65"
2025-08-27,"965,153.70","707,316.00","257,837.70"
2025-08-28,"960,225.84","707,316.00","252,909.84"
2025-08-29,"954,825.80","707,316.00","247,509.80"
2025-08-30,"954,825.80","707,316.00","247,509.80"
2025-08-31,"954,825.80","707,316.00","247,509.80"
2025-09-01,"956,201.20","707,316.00","248,885.20"
2025-09-02,"963,075.90","707,316.00","255,759.90"
2025-09-03,"961,470.85","707,316.00","254,154.85"
2025-09-04,"967,289.10","707,316.00","259,973.10"
2025-09-05,"973,258.85","707,316.00","265,942.85"
2025-09-06,"973,258.85","707,316.00","265,942.85"
2025-09-07,"973,258.85","707,316.00","265,942.85"
2025-09-08,"997,482.80","731,228.00","266,254.80"
2025-09-09,"1,003,960.80","731,228.00","272,732.80"
2025-09-10,"1,015,459.80","730,958.00","284,501.80"
2025-09-11,"1,017,078.70","730,958.00","286,120.70"
2025-09-12,"1,028,515.20","730,958.00","297,557.20"
2025-09-13,"1,028,515.20","730,958.00","297,557.20"
2025-09-14,"1,028,515.20","730,958.00","297,557.20"
2025-09-15,"1,029,300.00","730,958.00","298,342.00"
2025-09-16,"1,038,455.60","730,958.00","307,497.60"
2025-09-17,"1,032,275.70","730,958.00","301,317.70"
2025-09-18,"1,034,472.60","730,958.00","303,514.60"
2025-09-19,"1,037,188.60","730,958.00","306,230.60"
2025-09-20,"1,037,188.60","730,958.00","306,230.60"
2025-09-21,"1,037,188.60","730,958.00","306,230.60"
2025-09-22,"1,040,922.20","730,958.00","309,964.20"
2025-09-23,"1,049,549.10","730,958.00","318,591.10"
2025-09-24,"1,048,915.60","730,958.00","317,957.60"
2025-09-25,"1,043,696.40","730,958.00","312,738.40"
2025-09-26,"1,033,464.50","730,958.00","302,506.50"
2025-09-27,"1,033,464.50","730,958.00","302,506.50"
2025-09-28,"1,033,464.50","730,958.00","302,506.50"
2025-09-29,"1,033,464.50","730,958.00","302,506.50"
2025-09-30,"1,041,882.10","730,958.00","310,924.10"
2025-10-01,"1,043,022.20","730,958.00","312,064.20"
2025-10-02,"1,049,856.70","730,958.00","318,898.70"
2025-10-03,"1,053,534.90","730,958.00","322,576.90"
2025-10-04,"1,053,534.90","730,958.00","322,576.90"
2025-10-05,"1,053,534.90","730,958.00","322,576.90"
2025-10-06,"1,053,534.90","730,958.00","322,576.90"
2025-10-07,"1,090,743.60","754,891.00","335,852.60"
2025-10-08,"1,088,559.35","754,891.00","333,668.35"
2025-10-09,"1,097,083.35","754,891.00","342,192.35"
2025-10-10,"1,097,083.35","754,891.00","342,192.35"
2025-10-11,"1,097,083.35","754,891.00","342,192.35"
2025-10-12,"1,097,083.35","754,891.00","342,192.35"
2025-10-13,"1,086,229.70","754,891.00","331,338.70"
2025-10-14,"1,086,393.90","754,891.00","331,502.90"
2025-10-15,"1,100,684.50","753,365.00","347,319.50"
2025-10-16,"1,107,882.50","753,365.00","354,517.50"
2025-10-17,"1,097,941.50","753,365.00","344,576.50"
2025-10-18,"1,097,941.50","753,365.00","344,576.50"
2025-10-19,"1,097,941.50","753,365.00","344,576.50"
2025-10-20,"1,105,645.40","753,365.00","352,280.40"
2025-10-21,"1,108,377.75","753,365.00","355,012.75"
2025-10-22,"1,105,578.05","753,365.00","352,213.05"
2025-10-23,"1,102,790.40","753,365.00","349,425.40"
2025-10-24,"1,102,790.40","753,365.00","349,425.40"
2025-10-25,"1,102,790.40","753,365.00","349,425.40"
2025-10-26,"1,102,790.40","753,365.00","349,425.40"
2025-10-27,"1,115,212.90","753,365.00","361,847.90"
2025-10-28,"1,104,773.10","753,365.00","351,408.10"
2025-10-29,"1,112,930.20","753,365.00","359,565.20"
2025-10-30,"1,111,385.65","753,365.00","358,020.65"
2025-10-31,"1,110,991.85","753,365.00","357,626.85"
2025-11-01,"1,110,991.85","753,365.00","357,626.85"
2025-11-02,"1,110,991.85","753,365.00","357,626.85"
2025-11-03,"1,107,801.20","753,365.00","354,436.20"
2025-11-04,"1,109,737.80","753,365.00","356,372.80"
2025-11-05,"1,100,713.40","753,365.00","347,348.40"
2025-11-06,"1,126,745.75","777,226.00","349,519.75"
2025-11-07,"1,115,874.65","777,226.00","338,648.65"
2025-11-08,"1,115,874.65","777,226.00","338,648.65"
2025-11-09,"1,115,874.65","777,226.00","338,648.65"
2025-11-10,"1,125,497.75","777,226.00","348,271.75"
2025-11-11,"1,128,010.90","777,226.00","350,784.90"
2025-11-12,"1,132,208.95","777,466.75","354,742.20"
2025-11-13,"1,133,412.20","777,466.75","355,945.45"
2025-11-14,"1,122,513.70","777,186.75","345,326.95"
2025-11-15,"1,122,513.70","777,186.75","345,326.95"
2025-11-16,"1,122,513.70","777,186.75","345,326.95"
2025-11-17,"1,117,963.55","777,186.75","340,776.80"
2025-11-18,"1,103,944.15","777,186.75","326,757.40"
2025-11-19,"1,098,086.05","777,186.75","320,899.30"
2025-11-20,"1,117,899.35","777,186.75","340,712.60"
2025-11-21,"1,095,835.60","777,186.75","318,648.85"
2025-11-22,"1,095,835.60","777,186.75","318,648.85"
2025-11-23,"1,095,835.60","777,186.75","318,648.85"
2025-11-24,"1,106,552.85","777,186.75","329,366.10"
2025-11-25,"1,107,839.55","777,186.75","330,652.80"
2025-11-26,"1,120,540.45","777,186.75","343,353.70"
2025-11-27,"1,127,165.50","777,186.75","349,978.75"
2025-11-28,"1,121,288.05","777,186.75","344,101.30"
2025-11-29,"1,121,288.05","777,186.75","344,101.30"
2025-11-30,"1,121,288.05","777,186.75","344,101.30"
2025-12-01,"1,116,274.90","777,186.75","339,088.15"
2025-12-02,"1,129,855.80","777,186.75","352,669.05"
2025-12-03,"1,074,576.85","714,936.75","359,640.10"
2025-12-04,"1,081,512.35","714,936.75","366,575.60"
2025-12-05,"1,084,711.85","714,936.75","369,775.10"
2025-12-06,"1,084,711.85","714,936.75","369,775.10"
2025-12-07,"1,084,711.85","714,936.75","369,775.10"
2025-12-08,"1,116,701.02","738,834.75","377,866.27"
2025-12-09,"1,117,667.40","738,834.75","378,832.65"
2025-12-10,"1,118,114.35","738,834.75","379,279.60"
2025-12-11,"1,120,024.55","738,834.75","381,189.80"
2025-12-12,"1,130,066.05","738,564.75","391,501.30"
2025-12-13,"1,130,066.05","738,564.75","391,501.30"
2025-12-14,"1,130,066.05","738,564.75","391,501.30"
2025-12-15,"1,126,676.30","738,564.75","388,111.55"
2025-12-16,"1,123,445.35","738,564.75","384,880.60"
2025-12-17,"1,143,753.20","738,564.75","405,188.45"
2025-12-18,"1,149,660.20","738,564.75","411,095.45"
2025-12-19,"1,158,741.40","738,564.75","420,176.65"
2025-12-20,"1,158,741.40","738,564.75","420,176.65"
2025-12-21,"1,158,741.40","738,564.75","420,176.65"
2025-12-22,"1,172,902.90","738,564.75","434,338.15"
2025-12-23,"1,174,745.10","738,564.75","436,180.35"
2025-12-24,"1,171,539.05","738,564.75","432,974.30"
2025-12-25,"1,171,539.05","738,564.75","432,974.30"
2025-12-26,"1,169,099.70","738,564.75","430,534.95"
2025-12-27,"1,169,099.70","738,564.75","430,534.95"
2025-12-28,"1,169,099.70","738,564.75","430,534.95"
2025-12-29,"1,182,649.35","738,564.75","444,084.60"
2025-12-30,"1,181,522.45","738,564.75","442,957.70"
2025-12-31,"1,181,301.50","738,564.75","442,736.75"
2026-01-01,"1,181,301.50","738,564.75","442,736.75"
2026-01-02,"1,189,737.25","738,564.75","451,172.50"
2026-01-03,"1,189,737.25","738,564.75","451,172.50"
2026-01-04,"1,189,737.25","738,564.75","451,172.50"
2026-01-05,"1,211,027.00","738,564.75","472,462.25"
2026-01-06,"1,238,437.90","762,465.75","475,972.15"
2026-01-07,"1,233,000.65","762,465.75","470,534.90"
2026-01-08,"1,236,525.10","762,465.75","474,059.35"
2026-01-09,"1,234,970.45","762,465.75","472,504.70"
2026-01-10,"1,234,970.45","762,465.75","472,504.70"
2026-01-11,"1,234,970.45","762,465.75","472,504.70"
2026-01-12,"1,242,373.77","762,465.75","479,908.02"
2026-01-13,"1,248,268.45","762,465.75","485,802.70"
2026-01-14,"1,236,200.00","762,465.75","473,734.25"
2026-01-15,"1,242,344.55","762,465.75","479,878.80"
2026-01-16,"1,256,974.85","762,465.75","494,509.10"
2026-01-17,"1,256,974.85","762,465.75","494,509.10"
2026-01-18,"1,256,974.85","762,465.75","494,509.10"
2026-01-19,"1,270,092.10","762,465.75","507,626.35"
2026-01-20,"1,266,415.90","762,465.75","503,950.15"
2026-01-21,"1,254,146.70","762,465.75","491,680.95"
2026-01-22,"1,253,907.45","762,465.75","491,441.70"
2026-01-23,"1,260,062.45","762,465.75","497,596.70"
2026-01-24,"1,260,062.45","762,465.75","497,596.70"
2026-01-25,"1,260,062.45","762,465.75","497,596.70"
2026-01-26,"1,266,775.20","762,465.75","504,309.45"
2026-01-27,"1,266,070.55","762,465.75","503,604.80"
2026-01-28,"1,274,687.31","762,465.75","512,221.56"
2026-01-29,"1,276,050.35","762,465.75","513,584.60"
2026-01-30,"1,258,280.75","762,465.75","495,815.00"
2026-01-31,"1,258,280.75","762,465.75","495,815.00"
2026-02-01,"1,258,280.75","762,465.75","495,815.00"
2026-02-02,"1,246,097.60","762,465.75","483,631.85"
2026-02-03,"1,264,326.45","762,465.75","501,860.70"
